Entity,Code,Year,Schizophrenia disorders (share of population) - Sex: Both - Age: Age-standardized,Depressive disorders (share of population) - Sex: Both - Age: Age-standardized,Anxiety disorders (share of population) - Sex: Both - Age: Age-standardized,Bipolar disorders (share of population) - Sex: Both - Age: Age-standardized,Eating disorders (share of population) - Sex: Both - Age: Age-standardized
Afghanistan,AFG,1990,0.22320578,4.996118,4.713314,0.70302314,0.12770003
Afghanistan,AFG,1991,0.22245377,4.9892898,4.7021,0.7020688,0.123255946
Afghanistan,AFG,1992,0.22175121,4.9813457,4.683743,0.700792,0.11884415
Afghanistan,AFG,1993,0.22098725,4.9769583,4.6735487,0.70008695,0.11508888
Afghanistan,AFG,1994,0.22018303,4.977782,4.67081,0.6998978,0.11181468
Afghanistan,AFG,1995,0.2194088,4.978228,4.6681,0.6997684,0.10850699
Afghanistan,AFG,1996,0.21846454,4.981489,4.6657586,0.6996502,0.10526882
Afghanistan,AFG,1997,0.21728611,4.9875927,4.665013,0.69959736,0.10153082
Afghanistan,AFG,1998,0.21607415,4.9968576,4.6682405,0.69976467,0.09805014
Afghanistan,AFG,1999,0.21506761,5.004257,4.6735573,0.700054,0.095722646
Afghanistan,AFG,2000,0.21451464,5.0084476,4.6768804,0.70025194,0.09487554
Afghanistan,AFG,2001,0.21431455,5.0038724,4.675786,0.70012945,0.09454673
Afghanistan,AFG,2002,0.21418841,4.994327,4.6720624,0.69977945,0.09481004
Afghanistan,AFG,2003,0.21409267,4.9817224,4.6718807,0.69960576,0.09498258
Afghanistan,AFG,2004,0.21406065,4.9731607,4.6727514,0.6995014,0.09553074
Afghanistan,AFG,2005,0.21409707,4.9658794,4.6736326,0.6994395,0.095989875
Afghanistan,AFG,2006,0.214259,4.96284,4.6780405,0.69953,0.09687539
Afghanistan,AFG,2007,0.21459809,4.9597197,4.682732,0.6995203,0.09869648
Afghanistan,AFG,2008,0.21502665,4.9531674,4.688263,0.69948006,0.100904115
Afghanistan,AFG,2009,0.21545461,4.9492145,4.695408,0.6994876,0.10303231
Afghanistan,AFG,2010,0.21580303,4.946899,4.701994,0.6994379,0.10496491
Afghanistan,AFG,2011,0.21621753,4.945379,4.715658,0.69939154,0.10716891
Afghanistan,AFG,2012,0.21681084,4.9445314,4.73926,0.69936365,0.109071545
Afghanistan,AFG,2013,0.21744443,4.9443674,4.7667584,0.6993666,0.11139344
Afghanistan,AFG,2014,0.21797295,4.944629,4.7931795,0.69947726,0.11349482
Afghanistan,AFG,2015,0.21826532,4.9447594,4.810425,0.69959515,0.115101844
Afghanistan,AFG,2016,0.21824437,4.9370723,4.8155184,0.69961786,0.1166165
Afghanistan,AFG,2017,0.2181385,4.930936,4.8165836,0.6996218,0.11712369
Afghanistan,AFG,2018,0.21801552,4.9361405,4.8279133,0.6996377,0.11767915
Afghanistan,AFG,2019,0.21777739,4.945168,4.8510346,0.6996446,0.117413975
Australia,AUS,1990,0.38909754,4.3984447,5.746219,1.1160647,0.7187702
Australia,AUS,2000,0.38845477,4.5388155,5.175044,1.1167352,0.7977668
Australia,AUS,2010,0.38849422,4.6904297,5.615126,1.1250472,0.9927631
Australia,AUS,2019,0.3886459,4.382458,5.8151646,1.1250612,1.0316882
Brazil,BRA,1990,0.27403748,4.007267,5.8948245,1.1125082,0.20202503
Brazil,BRA,2005,0.2751347,4.522009,8.623396,1.1122869,0.20954143
Brazil,BRA,2019,0.27764335,3.8015563,7.410114,1.1118531,0.23241082
Canada,CAN,1990,0.28859663,3.2961848,4.43521,0.77616394,0.40690413
Canada,CAN,2005,0.2884536,3.27284,3.3843997,0.8054561,0.4183304
Canada,CAN,2019,0.28864193,3.2904658,4.3206058,0.8052512,0.4285759
China,CHN,1990,0.3005529,2.9951873,3.5073087,0.18184233,0.06557196
China,CHN,2005,0.30181783,2.8634007,3.2913,0.18212192,0.07903266
China,CHN,2019,0.30997753,2.7240157,3.1641822,0.18180744,0.11261842
France,FRA,1990,0.2696844,4.4369454,6.260385,0.9024059,0.41320646
France,FRA,2005,0.26878932,3.9739125,6.64495,0.90407205,0.44317687
France,FRA,2019,0.26827893,3.835741,6.2742558,0.90416586,0.46825343
Germany,DEU,1990,0.26181987,3.1874387,5.887693,0.750315,0.37825215
Germany,DEU,2005,0.25826865,3.4491034,6.05086,0.7511564,0.40381622
Germany,DEU,2019,0.26269624,3.3767943,6.208145,0.7469019,0.42561316
India,IND,1990,0.27997124,3.9846685,2.9800434,0.3550241,0.08604508
India,IND,2005,0.28037044,4.4970193,2.693754,0.3541316,0.09835835
India,IND,2019,0.28522602,3.6598387,2.9674358,0.3541412,0.12927622
Japan,JPN,1990,0.30089095,2.061494,2.6676168,0.6484501,0.34748995
Japan,JPN,2005,0.30051926,2.2530596,2.6412113,0.6661894,0.3828627
Japan,JPN,2019,0.30083296,2.1032803,2.3241255,0.6442883,0.38879964
United Kingdom,GBR,1990,0.2513668,4.55913,4.181258,1.0871071,0.35198843
United Kingdom,GBR,2005,0.25154755,4.044324,4.296812,1.0953629,0.39598486
United Kingdom,GBR,2019,0.24625693,4.0975676,4.4602027,1.0944765,0.4250394
United States,USA,1990,0.43585777,3.7964869,5.241197,0.6061742,0.40408042
United States,USA,2005,0.46167195,4.484824,6.0706863,0.6033204,0.45619625
United States,USA,2019,0.43364868,4.375998,5.6977477,0.6012978,0.42435044
World,OWID_WRL,1990,0.2899184,3.486165,3.7915852,0.49008313,0.15053226
World,OWID_WRL,2005,0.2886748,3.5843492,3.773679,0.48770896,0.15532674
World,OWID_WRL,2019,0.28740895,3.4400527,3.779522,0.4898171,0.17395177
